[
{
  "model": "kb.kbcategory",
  "pk": 1,
  "fields": {
    "slug": "vpn",
    "internal_name": "VPN / General"
  }
},
{
  "model": "kb.kbcategory",
  "pk": 2,
  "fields": {
    "slug": "account",
    "internal_name": "Account"
  }
},
{
  "model": "kb.kbcategory",
  "pk": 3,
  "fields": {
    "slug": "tech",
    "internal_name": "Technical"
  }
},
{
  "model": "kb.kbcategory",
  "pk": 5,
  "fields": {
    "slug": "troubleshooting",
    "internal_name": "troubleshooting"
  }
},
{
  "model": "kb.kbcategoryname",
  "pk": 1,
  "fields": {
    "category": 1,
    "language": "fr",
    "name": "G\u00e9n\u00e9ral"
  }
},
{
  "model": "kb.kbcategoryname",
  "pk": 2,
  "fields": {
    "category": 1,
    "language": "en",
    "name": "General"
  }
},
{
  "model": "kb.kbcategoryname",
  "pk": 3,
  "fields": {
    "category": 2,
    "language": "en",
    "name": "Account"
  }
},
{
  "model": "kb.kbcategoryname",
  "pk": 4,
  "fields": {
    "category": 2,
    "language": "fr",
    "name": "Compte"
  }
},
{
  "model": "kb.kbcategoryname",
  "pk": 5,
  "fields": {
    "category": 3,
    "language": "en",
    "name": "Technical"
  }
},
{
  "model": "kb.kbcategoryname",
  "pk": 6,
  "fields": {
    "category": 3,
    "language": "fr",
    "name": "Technique"
  }
},
{
  "model": "kb.kbcategoryname",
  "pk": 9,
  "fields": {
    "category": 5,
    "language": "en",
    "name": "Troubleshooting"
  }
},
{
  "model": "kb.kbcategoryname",
  "pk": 10,
  "fields": {
    "category": 5,
    "language": "fr",
    "name": "Auto-Diagnostic"
  }
},
{
  "model": "kb.kbentry",
  "pk": 1,
  "fields": {
    "create_date": "2019-10-22T13:21:53.779Z",
    "category": 1,
    "title": "What is a VPN?",
    "internal": false
  }
},
{
  "model": "kb.kbentry",
  "pk": 2,
  "fields": {
    "create_date": "2019-10-22T13:24:18.087Z",
    "category": 1,
    "title": "How does it compare to Tor?",
    "internal": false
  }
},
{
  "model": "kb.kbentry",
  "pk": 3,
  "fields": {
    "create_date": "2019-10-22T13:25:11.293Z",
    "category": 1,
    "title": "Affiliation",
    "internal": false
  }
},
{
  "model": "kb.kbentry",
  "pk": 4,
  "fields": {
    "create_date": "2019-10-22T13:26:09.502Z",
    "category": 1,
    "title": "P2P",
    "internal": false
  }
},
{
  "model": "kb.kbentry",
  "pk": 5,
  "fields": {
    "create_date": "2019-10-22T13:32:52.102Z",
    "category": 3,
    "title": "Dedicated IP address",
    "internal": false
  }
},
{
  "model": "kb.kbentry",
  "pk": 6,
  "fields": {
    "create_date": "2019-10-22T13:33:25.433Z",
    "category": 1,
    "title": "Bandwidth limit",
    "internal": false
  }
},
{
  "model": "kb.kbentry",
  "pk": 7,
  "fields": {
    "create_date": "2019-10-22T13:34:06.253Z",
    "category": 1,
    "title": "Censorship",
    "internal": false
  }
},
{
  "model": "kb.kbentry",
  "pk": 8,
  "fields": {
    "create_date": "2019-10-22T13:35:09.494Z",
    "category": 3,
    "title": "VPN Protocols",
    "internal": false
  }
},
{
  "model": "kb.kbentry",
  "pk": 9,
  "fields": {
    "create_date": "2019-10-22T13:37:58.507Z",
    "category": 2,
    "title": "Payment methods",
    "internal": false
  }
},
{
  "model": "kb.kbentry",
  "pk": 10,
  "fields": {
    "create_date": "2019-10-22T13:39:56.869Z",
    "category": 3,
    "title": "Is it free software?",
    "internal": false
  }
},
{
  "model": "kb.kbentry",
  "pk": 11,
  "fields": {
    "create_date": "2019-10-22T13:44:06.854Z",
    "category": 1,
    "title": "Will there be more servers/countries available?",
    "internal": false
  }
},
{
  "model": "kb.kbentry",
  "pk": 12,
  "fields": {
    "create_date": "2019-10-22T13:45:23.228Z",
    "category": 2,
    "title": "Free trial",
    "internal": false
  }
},
{
  "model": "kb.kbentry",
  "pk": 13,
  "fields": {
    "create_date": "2019-10-22T13:47:58.168Z",
    "category": 2,
    "title": "Can I use my account on multiple machines?",
    "internal": false
  }
},
{
  "model": "kb.kbentry",
  "pk": 14,
  "fields": {
    "create_date": "2019-10-22T13:51:51.396Z",
    "category": 3,
    "title": "Encryption",
    "internal": false
  }
},
{
  "model": "kb.kbentry",
  "pk": 15,
  "fields": {
    "create_date": "2019-10-22T13:52:49.583Z",
    "category": 3,
    "title": "IPv6",
    "internal": false
  }
},
{
  "model": "kb.kbentry",
  "pk": 16,
  "fields": {
    "create_date": "2019-10-22T14:03:13.528Z",
    "category": 1,
    "title": "Is it really anonymous?",
    "internal": false
  }
},
{
  "model": "kb.kbentryquestion",
  "pk": 1,
  "fields": {
    "entry": 1,
    "language": "en",
    "question": "What is a VPN? How does it work?"
  }
},
{
  "model": "kb.kbentryquestion",
  "pk": 2,
  "fields": {
    "entry": 1,
    "language": "fr",
    "question": "Qu'est-ce qu'un VPN ? Comment \u00e7a marche ?"
  }
},
{
  "model": "kb.kbentryquestion",
  "pk": 3,
  "fields": {
    "entry": 2,
    "language": "en",
    "question": "How does it compare to Tor?"
  }
},
{
  "model": "kb.kbentryquestion",
  "pk": 4,
  "fields": {
    "entry": 2,
    "language": "fr",
    "question": "Quelles sont les diff\u00e9rences avec tor ?"
  }
},
{
  "model": "kb.kbentryquestion",
  "pk": 5,
  "fields": {
    "entry": 3,
    "language": "en",
    "question": "Do you propose an affiliate program?"
  }
},
{
  "model": "kb.kbentryquestion",
  "pk": 6,
  "fields": {
    "entry": 3,
    "language": "fr",
    "question": "Avez-vous un programme d'affiliation ?"
  }
},
{
  "model": "kb.kbentryquestion",
  "pk": 7,
  "fields": {
    "entry": 4,
    "language": "en",
    "question": "Is P2P allowed?"
  }
},
{
  "model": "kb.kbentryquestion",
  "pk": 8,
  "fields": {
    "entry": 4,
    "language": "fr",
    "question": "Est-ce que le P2P est autoris\u00e9 ?"
  }
},
{
  "model": "kb.kbentryquestion",
  "pk": 9,
  "fields": {
    "entry": 5,
    "language": "en",
    "question": "Can I have a dedicated IP address?"
  }
},
{
  "model": "kb.kbentryquestion",
  "pk": 10,
  "fields": {
    "entry": 5,
    "language": "fr",
    "question": "Puis-je avoir une adresse d\u00e9di\u00e9e ?"
  }
},
{
  "model": "kb.kbentryquestion",
  "pk": 11,
  "fields": {
    "entry": 6,
    "language": "en",
    "question": "Do you limit bandwidth usage?"
  }
},
{
  "model": "kb.kbentryquestion",
  "pk": 12,
  "fields": {
    "entry": 6,
    "language": "fr",
    "question": "Y a-t-il une limite de bande passante ?"
  }
},
{
  "model": "kb.kbentryquestion",
  "pk": 13,
  "fields": {
    "entry": 7,
    "language": "en",
    "question": "Do you censor some websites or protocols?"
  }
},
{
  "model": "kb.kbentryquestion",
  "pk": 14,
  "fields": {
    "entry": 7,
    "language": "fr",
    "question": "Censurez-vous certains sites ou protocoles ?"
  }
},
{
  "model": "kb.kbentryquestion",
  "pk": 15,
  "fields": {
    "entry": 8,
    "language": "en",
    "question": "Which protocols are supported?"
  }
},
{
  "model": "kb.kbentryquestion",
  "pk": 16,
  "fields": {
    "entry": 8,
    "language": "fr",
    "question": "Avec quels protocoles fonctionne le VPN ?"
  }
},
{
  "model": "kb.kbentryquestion",
  "pk": 17,
  "fields": {
    "entry": 9,
    "language": "en",
    "question": "Which payment methods are supported?"
  }
},
{
  "model": "kb.kbentryquestion",
  "pk": 18,
  "fields": {
    "entry": 9,
    "language": "fr",
    "question": "Quelles m\u00e9thodes de payement sont disponibles ?"
  }
},
{
  "model": "kb.kbentryquestion",
  "pk": 19,
  "fields": {
    "entry": 10,
    "language": "en",
    "question": "Is it free software?"
  }
},
{
  "model": "kb.kbentryquestion",
  "pk": 20,
  "fields": {
    "entry": 10,
    "language": "fr",
    "question": "Est-ce Libre ?"
  }
},
{
  "model": "kb.kbentryquestion",
  "pk": 21,
  "fields": {
    "entry": 11,
    "language": "en",
    "question": "Will there be more servers/countries available?"
  }
},
{
  "model": "kb.kbentryquestion",
  "pk": 22,
  "fields": {
    "entry": 11,
    "language": "fr",
    "question": "Y aura-t-il plus de serveurs ou dans d'autres pays ?"
  }
},
{
  "model": "kb.kbentryquestion",
  "pk": 23,
  "fields": {
    "entry": 12,
    "language": "en",
    "question": "Can I have a trial account?"
  }
},
{
  "model": "kb.kbentryquestion",
  "pk": 24,
  "fields": {
    "entry": 12,
    "language": "fr",
    "question": "Puis-je avoir un essai gratuit ?"
  }
},
{
  "model": "kb.kbentryquestion",
  "pk": 25,
  "fields": {
    "entry": 13,
    "language": "en",
    "question": "Can I use my account on multiple devices?"
  }
},
{
  "model": "kb.kbentryquestion",
  "pk": 26,
  "fields": {
    "entry": 13,
    "language": "fr",
    "question": "Puis-je utiliser mon compte sur plusieurs machines ?"
  }
},
{
  "model": "kb.kbentryquestion",
  "pk": 27,
  "fields": {
    "entry": 14,
    "language": "en",
    "question": "What kind of encryption is used?"
  }
},
{
  "model": "kb.kbentryquestion",
  "pk": 28,
  "fields": {
    "entry": 14,
    "language": "fr",
    "question": "Quel chiffrement est utilis\u00e9 ?"
  }
},
{
  "model": "kb.kbentryquestion",
  "pk": 29,
  "fields": {
    "entry": 15,
    "language": "en",
    "question": "Do you support IPv6?"
  }
},
{
  "model": "kb.kbentryquestion",
  "pk": 30,
  "fields": {
    "entry": 15,
    "language": "fr",
    "question": "Est-ce que l'IPv6 est support\u00e9 ?"
  }
},
{
  "model": "kb.kbentryquestion",
  "pk": 31,
  "fields": {
    "entry": 16,
    "language": "en",
    "question": "Is it really anonymous?"
  }
},
{
  "model": "kb.kbentryquestion",
  "pk": 32,
  "fields": {
    "entry": 16,
    "language": "fr",
    "question": "Est-ce vraiment anonyme ?"
  }
},
{
  "model": "kb.kbentryanswer",
  "pk": 1,
  "fields": {
    "entry": 1,
    "language": "en",
    "answer": "<p>A Virtual Private Network is a virtual network that provides a secure and reliable connection between two points over the Internet.</p>\r\n<p>Our VPN forwards your traffic through our VPN servers to prevent it from being analyzed, filtered, or modified between you and the VPN server. It will hide its original source to the destination, and hide the destination to your local network.</p>\r\n<p>Instead of seeing your own IP address and finding your ISP and approximate geolocation, websites will only see the IP address of the VPN server. It lets you pick the country and blend in as anyone behind the VPN server.</p>"
  }
},
{
  "model": "kb.kbentryanswer",
  "pk": 2,
  "fields": {
    "entry": 1,
    "language": "fr",
    "answer": "<p>Un VPN (R&eacute;seau Priv&eacute; Virtuel) est un r&eacute;seau virtuel permettant d'&eacute;tablir une connexion s&eacute;curis&eacute;e entre deux points d'Internet.</p>\r\n<p>Notre VPN redirige votre traffic vers nos serveurs VPN &agrave; travers un tunnel s&eacute;curis&eacute;, le prot&eacute;geant contre la lecture et l'interception par un tiers, et cachant son origine.</p>\r\n<p>Au lieu de voir votre adresse IP and d'en d&eacute;duire une localisation approximative, les sites web ne verront que l'adresse du VPN. Cela vous donne le choix du pays depuis lequel apparaitre, et vous permet de vous fondre dans la masse des utilisateurs de ce serveur.</p>"
  }
},
{
  "model": "kb.kbentryanswer",
  "pk": 3,
  "fields": {
    "entry": 2,
    "language": "en",
    "answer": "<p>Tor, although free and decentralized, is not designed for the same usage. It provides better anonymity than a VPN, at the cost of much reduced performances and in some cases security.</p>\r\n<p>While communications are very secure between two tor nodes, to communicate to the existing web (\"clearnet\") it needs exit nodes that will see and handle all your traffic, and some of those have been seen to abuse that trust. Our servers don't do that.</p>\r\n<p>A VPN can be used for everyday browsing, online gaming, and you can pick a server close to you for best performances.</p>\r\n<p>For anonymity, tor can be used over the VPN to hide your tor usage to your ISP or school, as it could be used against you.</p>"
  }
},
{
  "model": "kb.kbentryanswer",
  "pk": 4,
  "fields": {
    "entry": 2,
    "language": "fr",
    "answer": "<p>Tor, bien que gratuit et d&eacute;centralis&eacute;, n'est pas fait pour le m&ecirc;me usage. Il fournit un meilleur anonymat qu'un VPN, mais au co&ucirc;t de performances tr&egrave;s r&eacute;duits et dans certains cas la s&eacute;curit&eacute;.</p>\r\n<p>La communication entre deux noeuds tor est bien s&eacute;curis&eacute;e, mais pour acc&eacute;der au reste du web (\"clearnet\") le r&eacute;seau tor passe par des exit nodes qui vont avoir acc&egrave;s &agrave; votre traffic, et certains ont d&eacute;j&agrave; &eacute;t&eacute; vu abuser de cette position. Nos serveurs ne font pas &ccedil;a.</p>\r\n<p>Un VPN peut &ecirc;tre utilis&eacute; pour la navigation de tous les jours, les jeux en ligne, et vous pouvez choisir un serveur proche de vous pour les meilleures performances.</p>\r\n<p>Pour l'anonymat, tor peut &ecirc;tre utilis&eacute; en plus du VPN, pour cacher votre utilisation de tor &agrave; votre FAI ou &eacute;cole qui pourrait utiliser &ccedil;a contre vous.</p>"
  }
},
{
  "model": "kb.kbentryanswer",
  "pk": 5,
  "fields": {
    "entry": 3,
    "language": "en",
    "answer": "<p>Yes, sare your affiliate link and earn 2 weeks for each referral that pays.<br />Invite 24 people and you get one year of free VPN!</p>"
  }
},
{
  "model": "kb.kbentryanswer",
  "pk": 6,
  "fields": {
    "entry": 3,
    "language": "fr",
    "answer": "<p>Oui, vous pouvez partager un lien associ&eacute; &agrave; votre compte, qui vous fera gagner 2 semaines de VPN pour chaque client l'ayant suivi.<br />Inviter 24 personnes vous donne donc 1 an de VPN gratuit !</p>"
  }
},
{
  "model": "kb.kbentryanswer",
  "pk": 7,
  "fields": {
    "entry": 4,
    "language": "en",
    "answer": "<p>On some servers. You can see it in CCVPNGUI and on the configuration download page.</p>"
  }
},
{
  "model": "kb.kbentryanswer",
  "pk": 8,
  "fields": {
    "entry": 4,
    "language": "fr",
    "answer": "<p>Sur certains serveurs. C'est indiqu&eacute; dans CCVPNGUI et sur la page de t&eacute;l&eacute;chargement de config.</p>"
  }
},
{
  "model": "kb.kbentryanswer",
  "pk": 9,
  "fields": {
    "entry": 5,
    "language": "en",
    "answer": "<p>Not at the moment.</p>"
  }
},
{
  "model": "kb.kbentryanswer",
  "pk": 10,
  "fields": {
    "entry": 5,
    "language": "fr",
    "answer": "<p>Non, pas pour le moment.</p>"
  }
},
{
  "model": "kb.kbentryanswer",
  "pk": 11,
  "fields": {
    "entry": 6,
    "language": "en",
    "answer": "<p>Every user of a server share its connection without hard limit. We try to always have enough bandwidth (at least 20Mbps) available for each connection.</p>"
  }
},
{
  "model": "kb.kbentryanswer",
  "pk": 12,
  "fields": {
    "entry": 6,
    "language": "fr",
    "answer": "<p>Non, tous les utilisateurs partagent &eacute;quitablement la connexion des serveurs.<br />Nous faisons en sorte qu'il y ait toujours un minimum de 20Mbps disponible pour chaque client.</p>"
  }
},
{
  "model": "kb.kbentryanswer",
  "pk": 13,
  "fields": {
    "entry": 7,
    "language": "en",
    "answer": "<p>No. BitTorrent is forbidden on some servers.</p>"
  }
},
{
  "model": "kb.kbentryanswer",
  "pk": 14,
  "fields": {
    "entry": 7,
    "language": "fr",
    "answer": "<p>Non. Le BitTorrent est interdit sur certains serveurs.</p>"
  }
},
{
  "model": "kb.kbentryanswer",
  "pk": 15,
  "fields": {
    "entry": 8,
    "language": "en",
    "answer": "<p>We only support OpenVPN for now.</p>\r\n<p>WireGuard support is being worked on.</p>\r\n<p>PPTP is not considered secure anymore and won't be supported.</p>"
  }
},
{
  "model": "kb.kbentryanswer",
  "pk": 16,
  "fields": {
    "entry": 8,
    "language": "fr",
    "answer": "<p>Notre VPN ne fonctionne qu'avec OpenVPN.</p>\r\n<p>WireGuard est pr&eacute;vu.</p>\r\n<p>Le PPTP n'est plus consid&eacute;r&eacute; s&eacute;curis&eacute; et ne sera pas support&eacute;.</p>"
  }
},
{
  "model": "kb.kbentryanswer",
  "pk": 17,
  "fields": {
    "entry": 9,
    "language": "en",
    "answer": "<p>We support Paypal, credit cards (via Stripe) and many cryptocurrencies (BTC, XMR, LTC, ETH, ...).</p>\r\n<p>Feel free to ask open a ticket if you need any other method.</p>"
  }
},
{
  "model": "kb.kbentryanswer",
  "pk": 18,
  "fields": {
    "entry": 9,
    "language": "fr",
    "answer": "<p>Vous pouvez payer par Paypal, carte (via Stripe), et plusieurs cryptomonnaies.</p>\r\n<p>Vous pouvez nous contacter si vous avez besoin d'un autre moyen de payement.</p>"
  }
},
{
  "model": "kb.kbentryanswer",
  "pk": 19,
  "fields": {
    "entry": 10,
    "language": "en",
    "answer": "<p>Yes! Our VPN is based on OpenVPN and we try to release most of our own work as free software.</p>\r\n<ul>\r\n<li><a href=\"https://github.com/PacketImpact/lvpngui/\">Our Windows OpenVPN GUI</a></li>\r\n<li><a href=\"https://github.com/CCrypto/ccvpn3/\">This website</a></li>\r\n</ul>"
  }
},
{
  "model": "kb.kbentryanswer",
  "pk": 20,
  "fields": {
    "entry": 10,
    "language": "fr",
    "answer": "<p>Oui ! Notre VPN fonctionne avec OpenVPN, et nous essayons de distribuer une grande partie de notre travail comme logiciel libre.</p>\r\n<ul>\r\n<li><a href=\"https://github.com/PacketImpact/lvpngui/\">Our Windows OpenVPN GUI</a></li>\r\n<li><a href=\"https://github.com/CCrypto/ccvpn3/\">This website</a></li>\r\n</ul>"
  }
},
{
  "model": "kb.kbentryanswer",
  "pk": 21,
  "fields": {
    "entry": 11,
    "language": "en",
    "answer": "<p>Yes, but we first need money to pay the servers.</p>\r\n<p>If you would like to have a server somewhere, know a good provider or would like to host one, please contact us.</p>"
  }
},
{
  "model": "kb.kbentryanswer",
  "pk": 22,
  "fields": {
    "entry": 11,
    "language": "fr",
    "answer": "<p>Oui, nous ajoutons des serveurs en fonction de la demande et de nos moyens.</p>\r\n<p>Si vous voudriez h&eacute;berger un serveur, recommander un bon h&eacute;bergeur, ou seriez simplement int&eacute;ress&eacute; par un certain pays, contactez nous.</p>"
  }
},
{
  "model": "kb.kbentryanswer",
  "pk": 23,
  "fields": {
    "entry": 12,
    "language": "en",
    "answer": "<p>Yes, you just have to sign up and click on the dedicated button to get a repeatable free 2-hour test period. The limit is a full week.</p>"
  }
},
{
  "model": "kb.kbentryanswer",
  "pk": 24,
  "fields": {
    "entry": 12,
    "language": "fr",
    "answer": "<p>Oui, vous n'avez qu'&agrave; cr&eacute;er un compte et cliquer sur le bouton d&eacute;di&eacute; pour recevoir une p&eacute;riode d'essai gratuite de 2h r&eacute;p&eacute;table. La limite est d'une semaine enti&egrave;re.</p>"
  }
},
{
  "model": "kb.kbentryanswer",
  "pk": 25,
  "fields": {
    "entry": 13,
    "language": "en",
    "answer": "<p>Yes, you can! Up to 10 at the same time.</p>"
  }
},
{
  "model": "kb.kbentryanswer",
  "pk": 26,
  "fields": {
    "entry": 13,
    "language": "fr",
    "answer": "<p>Oui, vous pouvez utiliser votre compte avec un maximum de 10 connexions simultann&eacute;es.</p>"
  }
},
{
  "model": "kb.kbentryanswer",
  "pk": 27,
  "fields": {
    "entry": 14,
    "language": "en",
    "answer": "<p>Authentication uses a 4096 bits RSA key. (3072 bits on oldest servers)<br />The current recommended key size considered safe until 2030 is 2048 bits.</p>\r\n<p>VPN traffic encryption is performed with the best cipher available to OpenVPN (with a recent version AES 256 GCM) using a random 256 bits key re-generated regularly, and unique to a VPN connection.</p>\r\n<p>Key Exchange uses 3072 bits Diffie-Hellman parameters.<br />A 2048 bits key is considered safe until 2030.</p>"
  }
},
{
  "model": "kb.kbentryanswer",
  "pk": 28,
  "fields": {
    "entry": 14,
    "language": "fr",
    "answer": "<p>L'authentification utilise une cl&eacute; RSA de 4096 bits. (3072 sur les serveurs plus anciens)<br />Les cl&eacute;s de 2048 bits ou plus sont consid&eacute;r&eacute;es s&ucirc;res jusqu'&agrave; 2030.</p>\r\n<p>Le trafic est chiffr&eacute; avec le meilleur algorithme disponible pour OpenVPN (AES 256 GCM dans les versions r&eacute;centes), en utilisant une cl&eacute; al&eacute;atoire de 256 bits r&eacute;-g&eacute;n&eacute;r&eacute;e r&eacute;guli&egrave;rement et unique pour chaque connexion au VPN.</p>\r\n<p>L'&eacute;change de cl&eacute;s (Diffie-Hellman) utilise un groupe de 3072 bits.<br />2048 bits ou plus est consid&eacute;r&eacute; suffisant jusqu'en 2030.</p>"
  }
},
{
  "model": "kb.kbentryanswer",
  "pk": 29,
  "fields": {
    "entry": 15,
    "language": "en",
    "answer": "<p>Yes, most of our servers are dual stack - they perfectly support IPv4 and IPv6 at the same time.</p>\r\n<p>Some are IPv4 only (but we're working with our providers to fix it) and will block all IPv6 traffic to make sure your IPv6 address is not leaked.</p>"
  }
},
{
  "model": "kb.kbentryanswer",
  "pk": 30,
  "fields": {
    "entry": 15,
    "language": "fr",
    "answer": "<p>Oui, la plupart des serveurs fonctionnent en IPv4 et IPv6 (dual stack).</p>\r\n<p>Quelques-uns ne fonctionnent qu'en IPv4 et bloquent enti&egrave;rement l'IPv6 pour &eacute;viter de laisser passer votre adresse IPv6.</p>"
  }
},
{
  "model": "kb.kbentryanswer",
  "pk": 31,
  "fields": {
    "entry": 16,
    "language": "en",
    "answer": "<p>We will not ask your name and you can pay with bitcoins.</p>\r\n<p>The VPN will hide your identity from people over the Internet, and can help you achieve anonymity by not leaking information through your IP address.</p>\r\n<p>It will however not make you untraceable.</p>"
  }
},
{
  "model": "kb.kbentryanswer",
  "pk": 32,
  "fields": {
    "entry": 16,
    "language": "fr",
    "answer": "<p>Nous ne vous demanderons pas votre nom et nous acceptons les paiements anonymes.</p>\r\n<p>Le VPN cachera votre identit&eacute; lors de communications sur Internet, et peut vous aider &agrave; atteindre un niveau d'anonymat en &eacute;vitant de laisser filtrer des informations via votre adresse IP.</p>\r\n<p>Cela ne vous rendra pas pour autant intra&ccedil;able et ne permet pas d'&eacute;chapper &agrave; la loi.</p>"
  }
}
]
